{
  "best_model": "Gradient Boosting",
  "best_metrics": {
    "mse": 284240484.35088444,
    "rmse": 16859.43309696042,
    "mae": 13233.34271195195,
    "r2": 0.9123701027577631,
    "mape": 7.3105868008211745
  },
  "all_models": {
    "Random Forest": {
      "mse": 666218565.5325046,
      "rmse": 25811.21007493652,
      "mae": 21832.12484878691,
      "r2": 0.7946082009682509,
      "mape": 12.250778901082949
    },
    "Gradient Boosting": {
      "mse": 283638752.7976044,
      "rmse": 16841.578097007547,
      "mae": 13209.985764911447,
      "r2": 0.9125556135385435,
      "mape": 7.282606202625175
    },
    "Linear Regression": {
      "metrics": {
        "mse": 28100968704.79533,
        "rmse": 167633.43552166235,
        "mae": 49115.95271855647,
        "r2": -7.663385884780169,
        "mape": 22.42688138158768
      },
      "predictions": "[ 190137.51315936  140040.9319516   168506.92389926  177316.09703644\n  160472.42299279  207732.96099146  168710.6370407   117028.85231932\n  138516.9921461   198246.02695139   95324.5976226   178007.08362373\n   97345.02311286  144635.53808268  189710.72906312  170897.25733193\n  191555.21557578  165757.76558026  148552.57779702  258914.09431799\n  189951.14429864  237749.46369036  160453.9790264   197933.33304795\n  138484.3132778   221452.22243579  169056.69440421  157405.87290438\n  212484.41072639  223084.68112048  159765.81917866  213222.45119866\n  163098.13806971 1581205.29652842  165314.01065787  170085.01221522\n  200918.5427862   202419.86189946  154593.26370486  210262.09664711\n  142233.0073944   187149.96985587  184160.71417769  211763.86240252\n  231284.41519602  231159.36995944  256535.90893515  213482.16511687\n  154206.35200556  187146.29856261  282654.9944106   197821.87892707\n  207006.22509726  253049.4257284   215601.57214662  271043.22622498\n  248050.76456412  269672.70999201  266890.41155191  277963.2110246\n  266809.44063719  277068.875362    275128.44528254  295196.136561\n  305440.1535364   372441.83362874  342938.82956799]",
      "model": "<src.models.train_model.MarketingMixModel object at 0x147f7ff40>"
    },
    "Ridge Regression": {
      "mse": 7603995651.552999,
      "rmse": 87200.89249286958,
      "mae": 43498.785535248906,
      "r2": -1.3442732272910032,
      "mape": 21.352967111064235
    },
    "Lasso Regression": {
      "mse": 24077954829.076862,
      "rmse": 155170.72800330888,
      "mae": 50011.3795817771,
      "r2": -6.423111145809102,
      "mape": 23.07292987977566
    },
    "SVR": {
      "metrics": {
        "mse": 3703360456.6194105,
        "rmse": 60855.24181711392,
        "mae": 49638.474249508705,
        "r2": -0.14172721386130327,
        "mape": 29.99369538956198
      },
      "predictions": "[234622.55546965 234622.51764093 234621.36642401 234622.93875218\n 234621.34662693 234625.33931945 234621.93669531 234619.85619508\n 234621.79366319 234622.3793419  234621.00079208 234620.88227797\n 234620.75284467 234621.11308656 234622.81440456 234622.09960964\n 234622.16810718 234622.26389781 234622.59018227 234623.83739639\n 234624.32983682 234623.31753862 234623.31786523 234623.84687265\n 234622.72902004 234623.71984573 234622.5920349  234621.26629107\n 234623.14941485 234623.34302993 234620.20179153 234621.22867845\n 234621.06885684 234625.76526367 234623.08963243 234623.81343464\n 234623.09244892 234623.43253452 234623.45893405 234623.28342551\n 234622.97575493 234622.91920612 234621.71388428 234622.98745892\n 234623.21108552 234624.69040158 234624.22715996 234623.48411769\n 234623.21488032 234622.75112937 234623.3951569  234623.50302308\n 234623.61479331 234623.45930302 234622.51057966 234624.16793982\n 234623.75353052 234624.03073999 234624.8517674  234624.63279628\n 234625.52058137 234625.74927078 234625.87800748 234625.82727107\n 234624.86810828 234627.23702028 234627.38923821]",
      "model": "<src.models.train_model.MarketingMixModel object at 0x1457925b0>"
    }
  },
  "feature_count": 83,
  "training_samples": 268,
  "test_samples": 67
}